{
  "name": "Alert",
  "type": "object",
  "properties": {
    "datalogger_id": {
      "type": "string",
      "description": "Device that triggered the alert"
    },
    "site_id": {
      "type": "string"
    },
    "asset_id": {
      "type": "string"
    },
    "control_point_id": {
      "type": "string",
      "description": "Related control point"
    },
    "severity": {
      "type": "string",
      "enum": [
        "low",
        "medium",
        "high",
        "critical"
      ],
      "description": "Alert severity level"
    },
    "alert_type": {
      "type": "string",
      "enum": [
        "deviation",
        "device_offline",
        "battery_low",
        "calibration_due",
        "rate_of_change",
        "predictive",
        "door_open"
      ],
      "description": "Type of alert"
    },
    "message": {
      "type": "string",
      "description": "Alert message"
    },
    "value": {
      "type": "number",
      "description": "The value that triggered the alert"
    },
    "threshold": {
      "type": "number",
      "description": "The threshold that was exceeded"
    },
    "acknowledged": {
      "type": "boolean",
      "default": false
    },
    "acknowledged_by": {
      "type": "string"
    },
    "acknowledged_date": {
      "type": "string",
      "format": "date-time"
    },
    "investigation_required": {
      "type": "boolean",
      "default": false
    },
    "investigation_id": {
      "type": "string"
    },
    "resolution_notes": {
      "type": "string"
    },
    "sla_response_minutes": {
      "type": "number",
      "description": "Required response time in minutes"
    },
    "sla_breached": {
      "type": "boolean",
      "default": false
    },
    "escalated": {
      "type": "boolean",
      "default": false
    },
    "escalated_to": {
      "type": "string"
    }
  },
  "required": [
    "severity",
    "alert_type",
    "message"
  ]
}