{
  "name": "Asset",
  "type": "object",
  "properties": {
    "site_id": {
      "type": "string",
      "description": "Reference to site"
    },
    "asset_name": {
      "type": "string"
    },
    "asset_type": {
      "type": "string",
      "enum": [
        "cold_room",
        "freezer",
        "refrigerator",
        "incubator",
        "transport_vehicle",
        "warehouse_zone"
      ],
      "description": "Type of asset"
    },
    "location_description": {
      "type": "string"
    },
    "capacity": {
      "type": "string",
      "description": "Storage capacity or size"
    },
    "status": {
      "type": "string",
      "enum": [
        "operational",
        "offline",
        "maintenance",
        "decommissioned"
      ],
      "default": "operational"
    },
    "last_maintenance_date": {
      "type": "string",
      "format": "date"
    },
    "next_maintenance_due": {
      "type": "string",
      "format": "date"
    }
  },
  "required": [
    "asset_name",
    "asset_type"
  ]
}