{
  "name": "AuditLog",
  "type": "object",
  "properties": {
    "action_type": {
      "type": "string",
      "enum": [
        "login",
        "logout",
        "report_generated",
        "alert_acknowledged",
        "data_edited",
        "config_changed",
        "user_created",
        "role_changed",
        "device_added",
        "calibration_performed"
      ],
      "description": "Type of action performed"
    },
    "entity_type": {
      "type": "string",
      "description": "What entity was affected (datalogger, alert, report, etc.)"
    },
    "entity_id": {
      "type": "string",
      "description": "ID of the affected entity"
    },
    "user_email": {
      "type": "string",
      "description": "User who performed the action"
    },
    "user_role": {
      "type": "string"
    },
    "ip_address": {
      "type": "string"
    },
    "changes": {
      "type": "object",
      "description": "Before/after values for edits"
    },
    "timestamp": {
      "type": "string",
      "format": "date-time"
    },
    "session_id": {
      "type": "string"
    },
    "reason": {
      "type": "string",
      "description": "Reason for the action (21 CFR Part 11 requirement)"
    }
  },
  "required": [
    "action_type",
    "user_email",
    "timestamp"
  ]
}