{
  "name": "Calibration",
  "type": "object",
  "properties": {
    "datalogger_id": {
      "type": "string",
      "description": "Device being calibrated"
    },
    "calibration_date": {
      "type": "string",
      "format": "date"
    },
    "next_calibration_due": {
      "type": "string",
      "format": "date"
    },
    "performed_by": {
      "type": "string",
      "description": "Technician who performed calibration"
    },
    "calibration_standard": {
      "type": "string",
      "description": "Reference standard used"
    },
    "temperature_offset": {
      "type": "number",
      "description": "Measured temperature offset"
    },
    "humidity_offset": {
      "type": "number",
      "description": "Measured humidity offset"
    },
    "certificate_url": {
      "type": "string",
      "description": "URL to calibration certificate"
    },
    "status": {
      "type": "string",
      "enum": [
        "passed",
        "failed",
        "needs_adjustment"
      ],
      "default": "passed"
    },
    "notes": {
      "type": "string"
    }
  },
  "required": [
    "datalogger_id",
    "calibration_date"
  ]
}