{
  "name": "ControlPoint",
  "type": "object",
  "properties": {
    "name": {
      "type": "string",
      "description": "Name of the critical control point"
    },
    "description": {
      "type": "string",
      "description": "Detailed description of what is being controlled"
    },
    "site_id": {
      "type": "string",
      "description": "Reference to site"
    },
    "asset_id": {
      "type": "string",
      "description": "Reference to asset"
    },
    "category": {
      "type": "string",
      "enum": [
        "storage",
        "production",
        "packaging",
        "transport",
        "laboratory"
      ],
      "description": "Category of control point"
    },
    "parameter_type": {
      "type": "string",
      "enum": [
        "temperature",
        "humidity",
        "pressure",
        "time",
        "ph"
      ],
      "description": "What parameter is being monitored"
    },
    "warning_min": {
      "type": "number",
      "description": "Warning threshold minimum"
    },
    "warning_max": {
      "type": "number",
      "description": "Warning threshold maximum"
    },
    "critical_min": {
      "type": "number",
      "description": "Critical threshold minimum"
    },
    "critical_max": {
      "type": "number",
      "description": "Critical threshold maximum"
    },
    "target_value": {
      "type": "number",
      "description": "Ideal target value"
    },
    "rate_of_change_limit": {
      "type": "number",
      "description": "Maximum acceptable rate of change per hour"
    },
    "unit": {
      "type": "string",
      "description": "Unit of measurement (\u00b0C, %, kPa, etc.)"
    },
    "monitoring_frequency": {
      "type": "string",
      "description": "How often this should be checked"
    },
    "corrective_action": {
      "type": "string",
      "description": "What to do if deviation occurs"
    },
    "verification_method": {
      "type": "string",
      "description": "How to verify the control point is working"
    },
    "datalogger_id": {
      "type": "string",
      "description": "Associated datalogger device"
    },
    "status": {
      "type": "string",
      "enum": [
        "compliant",
        "warning",
        "critical"
      ],
      "default": "compliant"
    },
    "mkt_calculation_enabled": {
      "type": "boolean",
      "default": false,
      "description": "Enable Mean Kinetic Temperature calculation"
    },
    "stability_budget_hours": {
      "type": "number",
      "description": "Total allowed excursion hours"
    },
    "excursion_timer_active": {
      "type": "boolean",
      "default": false
    },
    "excursion_accumulated_minutes": {
      "type": "number",
      "default": 0
    }
  },
  "required": [
    "name",
    "category",
    "parameter_type"
  ]
}