{
  "name": "Datalogger",
  "type": "object",
  "properties": {
    "device_id": {
      "type": "string",
      "description": "Unique identifier for the IoT device"
    },
    "device_name": {
      "type": "string",
      "description": "Friendly name for the datalogger"
    },
    "asset_id": {
      "type": "string",
      "description": "Reference to asset this device monitors"
    },
    "site_id": {
      "type": "string",
      "description": "Reference to site"
    },
    "location": {
      "type": "string",
      "description": "Physical location of the device"
    },
    "device_type": {
      "type": "string",
      "enum": [
        "temperature",
        "humidity",
        "temperature_humidity",
        "pressure",
        "door_sensor"
      ],
      "description": "Type of measurements this device takes"
    },
    "connection_type": {
      "type": "string",
      "enum": [
        "wifi",
        "bluetooth",
        "lorawan",
        "nbiot",
        "mqtt"
      ],
      "default": "wifi"
    },
    "status": {
      "type": "string",
      "enum": [
        "active",
        "inactive",
        "maintenance",
        "alarm",
        "offline"
      ],
      "default": "active"
    },
    "battery_level": {
      "type": "number",
      "minimum": 0,
      "maximum": 100
    },
    "last_reading_date": {
      "type": "string",
      "format": "date-time"
    },
    "last_calibration_date": {
      "type": "string",
      "format": "date"
    },
    "next_calibration_due": {
      "type": "string",
      "format": "date"
    },
    "firmware_version": {
      "type": "string"
    },
    "drift_offset": {
      "type": "number",
      "description": "Calibration offset value"
    }
  },
  "required": [
    "device_id",
    "device_name",
    "device_type"
  ]
}