{
  "name": "Reading",
  "type": "object",
  "properties": {
    "datalogger_id": {
      "type": "string",
      "description": "Reference to the datalogger device"
    },
    "temperature": {
      "type": "number",
      "description": "Temperature in Celsius"
    },
    "humidity": {
      "type": "number",
      "description": "Relative humidity percentage"
    },
    "pressure": {
      "type": "number",
      "description": "Pressure in kPa"
    },
    "timestamp": {
      "type": "string",
      "format": "date-time"
    },
    "is_deviation": {
      "type": "boolean",
      "default": false,
      "description": "Whether this reading exceeds acceptable limits"
    },
    "deviation_type": {
      "type": "string",
      "enum": [
        "none",
        "temperature_high",
        "temperature_low",
        "humidity_high",
        "humidity_low"
      ],
      "default": "none"
    }
  },
  "required": [
    "datalogger_id",
    "timestamp"
  ]
}