{
  "name": "Report",
  "type": "object",
  "properties": {
    "report_type": {
      "type": "string",
      "enum": [
        "daily_summary",
        "deviation_report",
        "audit_trail",
        "compliance_certificate",
        "haccp_plan"
      ],
      "description": "Type of report"
    },
    "title": {
      "type": "string",
      "description": "Report title"
    },
    "period_start": {
      "type": "string",
      "format": "date"
    },
    "period_end": {
      "type": "string",
      "format": "date"
    },
    "generated_by": {
      "type": "string",
      "description": "User who generated the report"
    },
    "status": {
      "type": "string",
      "enum": [
        "draft",
        "finalized",
        "approved"
      ],
      "default": "draft"
    },
    "file_url": {
      "type": "string",
      "description": "URL to the generated PDF report"
    },
    "summary": {
      "type": "string",
      "description": "Executive summary of the report"
    }
  },
  "required": [
    "report_type",
    "title"
  ]
}