{
  "name": "Shipment",
  "type": "object",
  "properties": {
    "shipment_number": {
      "type": "string",
      "description": "Unique shipment identifier"
    },
    "origin_site_id": {
      "type": "string"
    },
    "destination_site_id": {
      "type": "string"
    },
    "product_description": {
      "type": "string"
    },
    "batch_number": {
      "type": "string"
    },
    "po_number": {
      "type": "string",
      "description": "Purchase order number"
    },
    "datalogger_device_ids": {
      "type": "array",
      "items": {
        "type": "string"
      },
      "description": "Device IDs like ETH-TH-001, ETH-TH-002, etc"
    },
    "status": {
      "type": "string",
      "enum": [
        "preparing",
        "in_transit",
        "delivered",
        "returned",
        "exception"
      ],
      "default": "preparing"
    },
    "departure_time": {
      "type": "string",
      "format": "date-time"
    },
    "expected_arrival": {
      "type": "string",
      "format": "date-time"
    },
    "actual_arrival": {
      "type": "string",
      "format": "date-time"
    },
    "current_location": {
      "type": "object",
      "properties": {
        "lat": {
          "type": "number"
        },
        "lng": {
          "type": "number"
        },
        "address": {
          "type": "string"
        }
      }
    },
    "geofence_alerts_enabled": {
      "type": "boolean",
      "default": true
    },
    "temperature_compliant": {
      "type": "boolean",
      "default": true
    },
    "mkt_value": {
      "type": "number",
      "description": "Mean Kinetic Temperature for shipment"
    },
    "excursion_count": {
      "type": "number",
      "default": 0
    },
    "carrier": {
      "type": "string"
    },
    "notes": {
      "type": "string"
    }
  },
  "required": [
    "shipment_number",
    "product_description"
  ]
}