{
  "name": "Site",
  "type": "object",
  "properties": {
    "name": {
      "type": "string",
      "description": "Site name"
    },
    "site_type": {
      "type": "string",
      "enum": [
        "warehouse",
        "manufacturing",
        "laboratory",
        "distribution_center",
        "cold_storage"
      ],
      "description": "Type of facility"
    },
    "address": {
      "type": "string"
    },
    "coordinates": {
      "type": "object",
      "properties": {
        "lat": {
          "type": "number"
        },
        "lng": {
          "type": "number"
        }
      }
    },
    "manager_email": {
      "type": "string"
    },
    "status": {
      "type": "string",
      "enum": [
        "active",
        "inactive",
        "maintenance"
      ],
      "default": "active"
    },
    "compliance_score": {
      "type": "number",
      "description": "Overall compliance percentage"
    }
  },
  "required": [
    "name",
    "site_type"
  ]
}